{
  "captured_at_utc": "2026-04-25T20:14:48.405803Z",
  "row_count": 114244,
  "numeric_profile": {
    "Gender": {
      "count": 114244.0,
      "mean": 0.42909036798431427,
      "std": 0.49494845023708944,
      "min": 0.0,
      "25%": 0.0,
      "50%": 0.0,
      "75%": 1.0,
      "max": 1.0
    },
    "Age": {
      "count": 114244.0,
      "mean": 52.90087551656776,
      "std": 18.809986947778068,
      "min": 0.16,
      "25%": 40.0,
      "50%": 55.0,
      "75%": 67.7247144186332,
      "max": 80.0
    },
    "Hypertension": {
      "count": 114244.0,
      "mean": 0.09447323272994643,
      "std": 0.2924872473333161,
      "min": 0.0,
      "25%": 0.0,
      "50%": 0.0,
      "75%": 0.0,
      "max": 1.0
    },
    "Heart Disease": {
      "count": 114244.0,
      "mean": 0.04356465109765064,
      "std": 0.20412529728797058,
      "min": 0.0,
      "25%": 0.0,
      "50%": 0.0,
      "75%": 0.0,
      "max": 1.0
    },
    "Smoking History": {
      "count": 114244.0,
      "mean": 2.370995413325864,
      "std": 1.1838059017101852,
      "min": 0.0,
      "25%": 2.0,
      "50%": 3.0,
      "75%": 3.0,
      "max": 4.0
    },
    "BMI": {
      "count": 114244.0,
      "mean": 29.839989917364147,
      "std": 6.462769962844328,
      "min": 14.969999999999997,
      "25%": 26.13,
      "50%": 27.76,
      "75%": 33.57,
      "max": 44.730000000000004
    },
    "HbA1C Level": {
      "count": 114244.0,
      "mean": 6.1315243143255405,
      "std": 1.0084435755981251,
      "min": 4.350000000000001,
      "25%": 5.7,
      "50%": 6.115898636606651,
      "75%": 6.6,
      "max": 7.949999999999999
    },
    "Blood Glucose Level": {
      "count": 114244.0,
      "mean": 163.34375547074683,
      "std": 56.75954391495761,
      "min": 80.0,
      "25%": 130.0,
      "50%": 155.0,
      "75%": 200.0,
      "max": 300.0
    },
    "Diabetes": {
      "count": 114244.0,
      "mean": 0.5,
      "std": 0.5000021883130951,
      "min": 0.0,
      "25%": 0.0,
      "50%": 0.5,
      "75%": 1.0,
      "max": 1.0
    }
  },
  "categorical_profile": {}
}